,Column 1,Column 2,Column 3,Column 4,Column 5
Column 1,1,,,,
Column 2,0.167570876,1,,,
Column 3,-0.886378655,-0.193649165,1,,
Column 4,-0.89295869,-0.237043698,0.755981142,1,
Column 5,0.939159612,0.206678282,-0.827965121,-0.916646535,1
